kappa,case,dp_J,dp_ok,raw_J,raw_ok,raw_gap,per_J,per_ok,per_gap,dp_time
0.05,0,2.9093749999999994,1,2.9707788536462854,1,0.021105513605597762,2.95810719994547,1,0.01675005798340559,33.68242335319519
0.05,1,2.559375,1,2.722719805057732,1,0.06382214605430309,2.520242516515565,1,-0.015289859236897718,24.95504355430603
0.05,2,2.6375,1,2.6455528494249685,1,0.0030532130521206866,2.7174918832738473,1,0.030328676122785628,30.79465126991272
0.05,3,3.449999999999997,1,3.702959410866103,1,0.07332156836698724,3.517604075360543,1,0.019595384162477126,26.830732107162476
0.05,4,2.04375,1,2.3966885754715497,1,0.17269165772308231,2.1281603895154766,1,0.041301719640600074,32.88160467147827
0.05,5,2.7218749999999985,1,3.1441282548126983,1,0.15513322794496442,2.691975055551395,1,-0.01098505421762707,24.158421277999878
0.05,6,2.4968749999999993,1,2.565293135276678,1,0.02740150599316291,2.4932822143916655,1,-0.0014389128844390531,30.13593816757202
0.05,7,3.090625000000001,1,30.80256944227943,0,nan,3.07699817420722,1,-0.004409084179666307,29.22062349319458
0.05,8,4.0124999999999975,1,32.70373010849897,0,nan,4.087653381883266,1,0.01872981479956845,31.636104106903076
0.05,9,2.6874999999999982,1,3.7793279998144587,1,0.4062615813263111,2.6785447954085333,1,-0.003332169150312533,29.270427465438843
0.05,10,2.16875,1,2.3367137614886677,1,0.07744726754520694,2.1609829519479824,1,-0.003581347804964969,30.302961111068726
0.05,11,2.9906249999999983,1,3.1073275603196593,1,0.03902279968891487,2.9946956425595848,1,0.001361134398189826,33.16594910621643
0.05,12,3.831249999999998,1,4.188750197209637,1,0.09331163385569695,3.7857328936167622,1,-0.011880484537223054,31.555601835250854
0.05,13,2.6875,1,2.794969247573846,1,0.039988557236779874,2.696193586835459,1,0.003234823008542867,29.33056664466858
0.05,14,2.3562500000000006,1,2.5743836498643335,1,0.09257661532703781,2.3960610768872224,1,0.01689594775054503,29.49610161781311
0.05,15,3.578124999999997,1,3.8311499052324836,1,0.0707143839951055,3.5416743423005457,1,-0.010187083374519125,30.54115867614746
0.05,16,2.1750000000000007,1,2.1383374604383043,1,-0.016856340028366158,2.1514788180454474,1,-0.010814336530829112,29.413846731185913
0.05,17,3.1718749999999987,1,3.5421252424494667,1,0.11672914047667962,3.1476934120712063,1,-0.007623751859323692,27.57649827003479
0.05,18,2.9093750000000003,1,2.871787452990344,1,-0.012919457618786183,2.829402919403936,1,-0.027487718357401224,31.196677446365356
0.05,19,3.9968749999999993,1,4.201330368651346,1,0.05115380607383196,3.8779889149934825,1,-0.029744759344867373,31.320539236068726
0.05,20,1.8781250000000007,1,30.365457877722687,0,nan,1.86956511020865,1,-0.004557678424679296,29.804370880126953
0.05,21,2.3281250000000004,1,2.306745261915399,1,-0.009183243204124121,2.2493950762980477,1,-0.03381687997936225,30.399958848953247
0.05,22,2.3468750000000007,1,2.8646535748351,1,0.22062469233985585,2.332582831015066,1,-0.006089872270544736,29.106565237045288
0.05,23,3.3874999999999993,1,3.410381121174688,1,0.006754574516513324,3.3687058350175327,1,-0.005548092983753966,32.376450538635254
0.05,24,2.890624999999999,1,2.978525787373113,1,0.030408921037185285,2.927646801813915,1,0.012807542249138477,34.50300335884094
0.05,25,5.1062500000000055,1,5.446623987639378,1,0.06665830847282686,5.189888203872511,1,0.01637957480979292,33.9527792930603
0.05,26,3.1249999999999996,1,3.399957076579162,1,0.08798626450533192,3.0975321131647995,1,-0.008789723787264024,47.85301399230957
0.05,27,2.615625,1,2.8047450478409472,1,0.0723039609427755,2.712824050572451,1,0.037160927339527236,32.39669847488403
0.05,28,3.6906250000000003,1,31.905226588741677,0,nan,3.8363407747370832,1,0.03948268240124178,89.24855017662048
0.05,29,2.809375,1,3.3458021726290323,0,nan,2.8116835028720555,1,0.0008217140367716331,79.62505197525024
0.1,0,2.9968749999999993,1,3.042190124300685,1,0.015120792258831532,3.0329887573058687,1,0.012050471676619618,103.6248767375946
0.1,1,2.609375,1,2.801433722357577,1,0.0736033426999098,2.597584693148816,1,-0.004518440948956736,65.21758604049683
0.1,2,2.724999999999999,1,2.7214470569972726,1,-0.0013038322945785588,2.7856230138405476,1,0.022246977556164543,83.75440692901611
0.1,3,3.4499999999999975,1,3.6988915756032155,1,0.07214248568209221,3.5753249323469385,1,0.03632606734693944,70.6006588935852
0.1,4,2.1718750000000004,1,2.479346701059531,1,0.14156970408496364,2.239625052723376,1,0.031194268879827628,83.3496322631836
0.1,5,2.765624999999999,1,3.116155534684615,1,0.12674550406675375,2.770273371879414,1,0.0016807672332347316,58.66605186462402
0.1,6,2.546874999999999,1,2.6624758700048794,1,0.04538929865222295,2.6530858319070814,1,0.04170241252793415,83.27317953109741
0.1,7,3.1437500000000007,1,30.909289622723414,0,nan,3.1392650863618763,1,-0.0014266126880713862,82.08166813850403
0.1,8,4.503124999999998,1,33.13454731176103,0,nan,4.7362624061273415,1,0.051772359445350406,88.53253865242004
0.1,9,2.887499999999997,1,3.959191672783483,1,0.3711486312670084,2.983111741517366,1,0.033112291434586605,88.93708181381226
0.1,10,2.2593750000000004,1,2.4193749341172,1,0.07081601510028197,2.2790532373875454,1,0.008709593311223252,57.70302414894104
0.1,11,3.043749999999999,1,3.121658123891953,1,0.025596098198588706,3.06315205050466,1,0.006374390309539637,50.57947301864624
0.1,12,4.159374999999997,1,4.424634099609413,1,0.06377378803532174,4.171202046441494,1,0.0028434672135830823,49.4547061920166
0.1,13,2.8031249999999996,1,2.87556896059209,1,0.025843999319363417,2.741189462350642,1,-0.0220951750811532,44.431477308273315
0.1,14,2.4625000000000004,1,2.6480197532330987,1,0.07533797085608053,2.4927902611265953,1,0.012300613655470026,45.192166328430176
0.1,15,3.549999999999997,1,3.7703248198368233,1,0.06206332953150038,3.5648348153130462,1,0.004178821214943409,41.83882212638855
0.1,16,2.1406250000000004,1,2.1290125967767883,1,-0.00542477230865383,2.0868676642134067,1,-0.02511291598789778,35.87705755233765
0.1,17,3.3781249999999994,1,3.585646016315885,1,0.06143082814161283,3.481623989218327,1,0.03063799865852442,34.7785325050354
0.1,18,2.93125,1,2.9348352070032426,1,0.0012230983379932516,2.8895827473712687,1,-0.014214840982083128,40.473089933395386
0.1,19,4.143749999999999,1,4.246549918642181,1,0.024808426821642714,4.1364359857603885,1,-0.0017650713097099064,39.86578178405762
0.1,20,1.8843750000000004,1,30.40502728255139,0,nan,1.8796408947525458,1,-0.002512294658682345,38.159770250320435
0.1,21,2.2218750000000003,1,2.198599874417555,1,-0.010475443300116011,2.195973286333699,1,-0.01165759264868696,37.42894625663757
0.1,22,2.262500000000001,1,2.7350232951451727,1,0.2088500752022857,2.3004160969771985,1,0.016758495901523725,37.12549948692322
0.1,23,3.4374999999999987,1,3.4142419772208012,1,-0.0067659702630392515,3.425662689240367,1,-0.003443581311892854,37.98305892944336
0.1,24,3.0031249999999985,1,3.0923934010370084,1,0.02972516996029469,3.021061423353787,1,0.005972586340491539,40.85536599159241
0.1,25,5.400000000000003,1,5.581469153860862,1,0.03360539886312203,5.37077407403716,1,-0.00541220851163753,40.134947776794434
0.1,26,3.509374999999999,1,3.721547906743225,1,0.060458887050607625,3.4733927017416715,1,-0.010253192736121833,37.74928522109985
0.1,27,2.7062500000000003,1,2.88223160669384,1,0.06502784542959437,2.793994812392366,1,0.03242302536438453,33.28448748588562
0.1,28,3.6937499999999996,1,34.2683605373665,0,nan,35.236330673534354,0,nan,32.04539346694946
0.1,29,3.3687499999999977,1,5.625662857298852,1,0.6699555791610703,3.397876484044331,1,0.008646080606852182,31.352367877960205
0.25,0,3.2031249999999982,1,3.263146757116113,1,0.018738499782591875,3.254281865043478,1,0.015970923720891237,38.85613536834717
0.25,1,2.825,1,3.0473028906607076,1,0.07869128872945394,2.9053611698244937,1,0.028446431796280876,41.09287190437317
0.25,2,2.9812499999999984,1,2.959676668019176,1,-0.007236337771345061,3.014820782370151,1,0.011260639788730492,38.792014360427856
0.25,3,3.5093749999999986,1,3.6891744371049624,1,0.05123403372536816,3.6217998940581357,1,0.03203558868976305,30.54942011833191
0.25,4,2.5656250000000003,1,36.91951648414528,0,nan,37.97012415401543,0,nan,39.36387586593628
0.25,5,3.0656249999999994,1,3.2833738203020024,1,0.07102917685692252,3.0283162944435422,1,-0.012170016083655751,27.315714120864868
0.25,6,2.721875,1,2.9230535377026996,1,0.07391174749123298,3.045835540722487,1,0.11902109418047753,34.95113229751587
0.25,7,3.3937500000000003,1,31.604957613147477,0,nan,3.3907134098826557,1,-0.0008947595189228977,332.4996588230133
0.25,8,6.006249999999999,1,36.576577381522505,0,nan,6.36437240932561,1,0.05962495888875947,70.1490228176117
0.25,9,3.918750000000001,1,4.756297762955027,1,0.21372829676683275,4.619949056571683,1,0.1789343685031406,39.59529423713684
0.25,10,2.5562499999999995,1,2.688303614314242,1,0.05165911562415358,2.5494948500470076,1,-0.0026426014486031764,31.190739393234253
0.25,11,3.165625000000001,1,3.2952378389707118,1,0.04094383856922754,3.2656443090727603,1,0.03159543820659726,32.37182664871216
0.25,12,5.234375,1,5.305145653057008,1,0.01352036356910004,5.232827204660906,1,-0.0002956982140358038,37.132457971572876
0.25,13,2.9749999999999983,1,3.0671728446562483,1,0.030982468792016816,3.021346619897704,1,0.015578695763934742,29.957228183746338
0.25,14,2.6437500000000003,1,2.8192604285841445,1,0.06638692334152027,2.7230247995796777,1,0.02998573979373141,31.18427562713623
0.25,15,3.462499999999998,1,3.649525360895713,1,0.05401454466302237,3.5036568999781754,1,0.01188646930777684,28.660681009292603
0.25,16,2.0656250000000007,1,2.0043345002539477,1,-0.02967164889370192,1.9951734157191372,1,-0.034106667125380206,27.858545541763306
0.25,17,3.88125,1,4.017127781724615,1,0.0350087682382261,5.043358685443666,1,0.29941608642670936,30.867755889892578
0.25,18,3.0437500000000006,1,3.01638279434423,1,-0.0089912790655509,2.9702545252944956,1,-0.02414635719277371,33.398561239242554
0.25,19,4.965625,1,5.0217298096881295,1,0.01129864008823247,4.871449317626489,1,-0.018965524455332686,33.51968789100647
0.25,20,1.8156250000000003,1,30.801324648993177,0,nan,2.004076587213107,1,0.10379433374904327,36.754953145980835
0.25,21,2.1250000000000004,1,2.096440943399142,1,-0.01343955604746269,2.0889295750376413,1,-0.016974317629345467,33.643704414367676
0.25,22,2.2281250000000004,1,2.466165110873753,1,0.10683427135988897,2.2479694310361076,1,0.008906336509893843,33.46821188926697
0.25,23,3.5593749999999993,1,3.548970209816829,1,-0.0029232070751663737,3.5387623274041644,1,-0.005791093266608572,31.478028297424316
0.25,24,3.331249999999997,1,3.4019595614132427,1,0.021226134758197564,3.3575588958883618,1,0.00789760476949032,36.64010572433472
0.25,25,5.809374999999994,1,5.898556818701974,1,0.015351362014326849,5.833522802651448,1,0.004156695453719877,34.49897742271423
0.25,26,4.259374999999998,1,4.629588661839511,1,0.08691736741646691,4.771183596924423,1,0.12016049230800903,32.79090690612793
0.25,27,2.9875000000000003,1,3.069653096379011,1,0.027498944394648003,3.009493920313297,1,0.007361981694827391,28.986130952835083
0.25,28,3.6656249999999995,1,42.46407117320479,0,nan,50.90422400558753,0,nan,28.49014925956726
0.25,29,4.031249999999997,1,5.1371206788134085,1,0.27432450947309445,4.399706871919695,1,0.09140015427465369,31.521380186080933
0.5,0,3.5093749999999995,1,3.5983582021091403,1,0.02535585456360201,3.5983582021091403,1,0.02535585456360201,35.94807052612305
0.5,1,3.1250000000000013,1,3.580716398620413,1,0.14582924755853163,3.580716398620413,1,0.14582924755853163,67.84976434707642
0.5,2,3.35625,1,3.386523568102325,1,0.009020057535143376,3.386523568102325,1,0.009020057535143376,39.1521258354187
0.5,3,3.5093749999999977,1,3.63069047163457,1,0.034568967874499715,3.63069047163457,1,0.034568967874499715,52.981443643569946
0.5,4,3.962499999999999,1,42.741266728302946,0,nan,42.741266728302946,0,nan,41.224889278411865
0.5,5,3.746874999999997,1,3.794106203415019,1,0.012605492154134252,3.794106203415019,1,0.012605492154134252,49.033377170562744
0.5,6,2.8343749999999988,1,3.853141472008282,1,0.3594324928805412,3.853141472008282,1,0.3594324928805412,38.12718653678894
0.5,7,3.8187499999999996,1,4.056716100480948,1,0.062315181795338306,4.056716100480948,1,0.062315181795338306,95.8052933216095
0.5,8,9.565625000000017,1,10.349382883214599,1,0.08193483261308912,10.349382883214599,1,0.08193483261308912,256.88265776634216
0.5,9,5.806250000000001,1,39.05754319026955,0,nan,39.05754319026955,0,nan,76.16892600059509
0.5,10,2.7281250000000004,1,2.874547639096206,1,0.053671528649239145,2.874547639096206,1,0.053671528649239145,39.67145395278931
0.5,11,3.509374999999998,1,3.6604286310810563,1,0.04304288686192221,3.6604286310810563,1,0.04304288686192221,39.50950312614441
0.5,12,7.1406249999999964,1,50.151161611709306,0,nan,50.151161611709306,0,nan,95.30066967010498
0.5,13,3.450000000000002,1,6.037443873986955,1,0.7499837315904209,6.037443873986955,1,0.7499837315904209,39.283013582229614
0.5,14,2.9593749999999996,1,3.0948915734051297,1,0.045792295131617325,3.0948915734051297,1,0.045792295131617325,40.9567494392395
0.5,15,3.415624999999998,1,3.5881630079408673,1,0.05051432986374946,3.5881630079408673,1,0.05051432986374946,32.230193853378296
0.5,16,1.8843750000000008,1,1.9305704725691164,1,0.024515010318601968,1.9305704725691164,1,0.024515010318601968,29.89980459213257
0.5,17,4.44375,1,40.92799330708912,0,nan,40.92799330708912,0,nan,37.49743127822876
0.5,18,3.153125,1,3.1716501619536355,1,0.005875175247931907,3.1716501619536355,1,0.005875175247931907,38.66136384010315
0.5,19,6.040625000000001,1,6.106553813639006,1,0.010914237125960407,6.106553813639006,1,0.010914237125960407,42.15114712715149
0.5,20,1.8687500000000006,1,2.5321563521727835,1,0.35500005467439877,2.5321563521727835,1,0.35500005467439877,92.17502951622009
0.5,21,2.0156250000000004,1,2.067395838901111,1,0.025684757284271956,2.067395838901111,1,0.025684757284271956,37.20458459854126
0.5,22,2.0781250000000004,1,2.2728977418466014,1,0.09372522915926662,2.2728977418466014,1,0.09372522915926662,51.79400277137756
0.5,23,3.7968750000000013,1,3.8604572857269757,1,0.016745951796404757,3.8604572857269757,1,0.016745951796404757,35.69928026199341
0.5,24,3.7500000000000013,1,3.874115719624617,1,0.033097525233230826,3.874115719624617,1,0.033097525233230826,58.041003704071045
0.5,25,6.412499999999992,1,6.439310289578484,1,0.004180941844599159,6.439310289578484,1,0.004180941844599159,51.59023976325989
0.5,26,5.499999999999997,1,5.612662973452499,1,0.020484176991364005,5.612662973452499,1,0.020484176991364005,57.10691428184509
0.5,27,3.4312499999999986,1,3.4585960926940955,1,0.007969717360756851,3.4585960926940955,1,0.007969717360756851,49.505266189575195
0.5,28,3.6874999999999987,1,54.56479739441543,0,nan,54.56479739441543,0,nan,63.20554208755493
0.5,29,4.415624999999996,1,4.845530750679687,1,0.09736011338818217,4.845530750679687,1,0.09736011338818217,96.00339198112488
