kind,grid,cell_nm,dt_h,layers,state_times_M,solve_s,store_gb,voyage_h,ok,tacks,gybes,rollout_s
dp_time,81,9.03,1.504,111,26.2,0.53,0.05,104.71,1,0,5,5.0
dp_time,121,6.02,1.003,166,87.5,0.77,0.18,104.62,1,0,5,5.0
dp_time,161,4.51,0.752,222,207.2,1.11,0.42,104.6,1,0,5,4.9
dp_time,241,3.01,0.501,333,696.3,2.98,1.4,104.54,1,0,3,4.9
dp_time,361,2.01,0.334,499,2341.1,13.07,4.69,104.54,1,0,3,5.3
isochrone,,,0.25,,,4.53,,105.91,1,0,4,
dp_departure_only,161,,,,,0.44,,110.37,1,0,0,
dp_time_timing,481,1.5,0.251,666,5547.1,34.79,11.11,,,,,gpu_peak_gb=1.23
dp_time_timing,721,1.0,0.167,999,18695.6,128.62,37.43,,,,,gpu_peak_gb=2.76
